"lon","lat","democrat"
-118.85999796623,37.1716189136431,1
-118.524087620993,36.3910856612548,0
-118.897486163824,36.3997305278412,0
-118.97438795307,36.8515509626455,0
-119.747995203476,37.3815584285065,0
-118.657542949315,37.7315801870535,0
-116.775990007093,36.7135131988836,0
-118.190631089933,36.2997198326452,1
-117.26139964353,36.9988739608522,0
-118.06234076556,38.7211346675484,1
-118.883285491867,38.6048490249948,1
-118.743869398078,36.5176446615472,1
-118.179797715349,38.0873623485485,0
-119.378111955267,38.6641517484726,0
-116.397103548125,36.4141628870901,0
-119.78704767458,37.8142700451576,0
-119.613240387934,39.2995192665245,1
-119.4347366169,38.4472855816715,1
-118.348544955558,35.6727640408459,0
-117.919128564316,38.1804868479607,0
-120.204535055649,38.0807303201338,0
-118.345228076962,36.4322393449419,1
-119.328234028064,35.627036346752,0
-118.539268114142,38.0139332011142,1
-117.652884489046,36.6821789908952,1
-118.777036672071,37.8708221571795,0
-118.724836049196,37.9498000262849,1
-118.648929634107,37.1337421593959,0
-118.937723624504,37.9648568675394,0
-120.222165081874,36.0300682827663,1
-118.357554498542,37.5075815227942,1
-120.941102191685,36.5011694447696,1
-119.096509564248,37.2651450280486,0
-117.340254020565,37.6613018915676,0
-118.95337344414,36.514561262598,0
-119.874942322117,37.1412895682177,0
-117.948510265203,37.2696152264863,0
-118.128086858045,35.8695727693506,1
-117.433859472907,35.5278367646585,0
-117.486811262617,37.4716466432727,1
-119.086206221619,36.6696599129464,1
-119.108115671606,37.2116484874151,0
-118.445322378201,37.9188441730703,0
-117.719278516858,37.5071710847227,1
-118.616145905349,36.533608481085,1
-118.299679043112,38.2776501246413,1
-118.264539989492,35.1255853433679,0
-116.659409676181,38.1345276718615,1
-119.096716774139,36.8286355392315,1
-118.823460709936,39.2972575273883,0
-118.072147592425,36.9570723420189,1
-118.047050221612,36.6334341513425,0
-117.988100166988,37.1836657096924,0
-119.327443955086,37.085702250674,0
-118.879424406943,36.138219407233,0
-119.400161278267,35.9545647434074,0
-119.523975951465,37.7632683434595,1
-119.416777080496,37.7654666200283,0
-118.872287174536,37.4285863625196,1
-116.836177892031,37.6208060328912,0
-120.463659525455,38.0791230555623,0
-118.151788395683,37.8013272005954,0
-119.293613082606,36.7307035382591,1
-118.416398168766,37.6922121046478,1
-118.131093531949,37.5656288146434,0
-118.36654028118,36.5626460175259,1
-119.817875072751,36.382486578474,0
-119.053749801591,37.3764058154688,1
-119.146278150592,37.888305858165,1
-120.118352150224,36.2956448567796,1
-119.608312107497,36.1140617152869,1
-119.916571336951,36.3246587994078,1
-119.183847600017,35.6462281482006,0
-119.272540457657,36.8686746352922,0
-120.183577424064,38.7385788134753,1
-120.375283379953,37.1755469579638,0
-120.085553807651,36.7356454365922,0
-119.594264303951,37.9244504484176,1
-120.115266153282,37.3608460474937,1
-117.700572794656,38.594962983209,0
-118.895943565911,37.1136692016354,0
-119.047127403585,38.3953302157711,0
-118.921914773153,37.8062639577555,0
-119.391715915976,37.0803606178443,0
-118.689142262125,35.4746299930152,1
-119.184449450887,35.5596619766331,0
-121.335605213589,36.2017994075305,1
-117.882836983696,38.7949649522501,0
-120.106167202193,36.4964157066833,1
-118.149451087532,35.8160060917894,1
-120.302030687299,35.8362497951375,1
-119.982211104847,36.7886963815328,0
-118.784343392054,35.8972854764958,0
-118.755660261815,37.4302545698011,0
-118.008509206151,36.5165259630233,1
-120.723694451334,36.2437387324099,1
-119.408613547982,38.388823861807,0
-118.096126286285,38.0215416111157,1
-118.816095099232,36.6376661819814,0
-120.358459787695,37.5370514569145,0
-117.943597488618,36.518577628926,1
-118.763786351183,37.0847405616587,0
-118.670375782099,37.8315884118726,0
-119.325088229125,36.8955236676242,1
-119.239036166132,38.3830870006903,1
-119.732690032608,35.1975754325091,1
-118.742182995689,37.0206239326852,1
-118.906906356342,36.2796160110779,1
-119.780764783478,36.0378102325593,1
-120.290805832881,36.4775935744545,1
-117.621687407893,37.4927872606635,0
-118.719528991298,38.3276685278531,0
-118.376124275638,37.7746316182162,0
-118.780574724362,36.9389344120757,0
-118.811770284918,38.3497981215525,0
-117.803728431961,37.4383939206175,0
-118.816300125785,37.6420617799758,1
-120.337757488007,37.2503227969801,0
-119.727923363917,38.1393437644809,0
-119.652987483864,37.3823892857627,0
-119.181060097786,35.4759900475756,0
-118.567174821557,37.6573876679342,0
-118.258658169911,35.7829024050592,1
-117.548710218221,36.8014647746656,1
-117.651823911289,37.7586314099153,0
-118.621696875026,37.6595705227552,1
-118.352947332494,36.8705939387559,0
-119.368832382182,36.0408481592236,0
-119.760426132797,34.6121242898497,1
-118.525461260422,37.2633452796825,1
-118.875087708726,37.22534956027,0
-118.86299886675,39.0674274289648,1
-118.701304652791,37.2599160926927,1
-119.954304164826,36.2832294241639,0
-119.579085045745,37.9322092975738,1
-117.218408435322,38.6119206991119,1
-119.235373150886,36.0752073180859,1
-119.17042700754,35.6289169515706,0
-118.995346606342,37.0120562138345,0
-119.738529875835,37.3263608626267,0
-118.377814104655,36.1439508456359,1
-118.110043684601,35.9444409685561,0
-119.870393742757,37.0863106003038,1
-119.514077927439,36.7643665458487,0
-117.315648333312,39.191287944674,0
-117.187171573711,36.087254266523,0
-117.18851287475,37.4859312563515,0
-117.931066105826,36.0903798738073,0
-118.713047156926,38.7518402621894,0
-121.474383272517,38.6801727208865,0
-118.28104233047,37.4064481785807,0
-118.302495280107,36.4985993076608,1
-119.382330895595,36.8772589924758,1
-118.958320175954,34.979876258589,1
-119.091796088744,35.5289266732799,0
-119.123344151045,37.1383202575732,1
-120.19926144705,38.3270193478464,1
-120.280878885345,34.5387329550639,0
-118.375032336343,37.5866120565246,0
-118.911681057547,35.5870240812662,1
-117.395937602234,38.2974168268266,1
-119.227202621697,36.0423175291645,1
-118.990417886887,36.272658533001,1
-117.19110457498,35.7836025930861,1
-117.072247894719,37.1427601321904,0
-117.18670008711,36.7743597289514,0
-119.492579158512,36.9461606160868,0
-119.116351128971,38.1494784435349,1
-119.227854738577,34.9740139306961,0
-119.032123722958,37.7154334935295,1
-115.692259751204,37.3773767439302,0
-117.68322560251,37.2309007625876,0
-120.112002305894,40.4673350035937,1
-118.505640358056,35.1764321787342,1
-119.203774024403,36.1052627761174,0
-118.368754325902,36.2710245699764,1
-118.524643302398,35.7069538608546,1
-119.620426235668,37.0241103176898,1
-117.794263704486,37.0195702036154,1
-119.251089380533,35.2001695829497,0
-119.10297694967,37.7852783290407,1
-119.860054018746,37.8083654758984,0
-117.909368820748,36.4522824765182,1
-119.661369480638,39.2424353032772,1
-118.506067335979,37.154620812356,1
-118.562523725761,38.1161836274168,0
-118.635997174071,36.784631266692,1
-119.974773809464,36.4983012268651,0
-119.321153673979,37.3912529783959,0
-118.346564697016,35.667909528861,1
-119.476676711118,37.4720313712704,1
-118.424551414313,36.9946033169531,1
-118.381507084805,37.283942908223,1
-119.043871333155,37.9131575891763,0
-118.515955979528,37.2368932422931,1
-118.089244419344,36.8872342485305,1
-120.301766632685,37.739526531249,1
-119.153349011419,37.873683983318,1
-118.681762343576,36.6543122727979,1
-118.629983155096,36.9188508334321,0
-118.975759022574,37.0580400865165,1
-117.917790440266,38.0969840283721,1
-119.541877802641,36.5619370046962,1
-120.187320299687,36.6971660477622,0
-118.565560366302,38.3390048974049,0
-119.193920200329,34.5973104141597,0
-118.607519033704,36.9882903639904,0
-118.419673318838,36.5067154230091,1
-119.283383980732,36.3949505632399,1
-119.361476543527,34.5275040944357,1
-119.147179306441,37.6146077662676,0
-119.59199122432,35.1411072927193,0
-119.142613742615,36.5363115661722,0
-119.963479742751,35.9981037061301,0
-119.204895430891,38.5985157976815,1
-118.19757341213,37.5394535157347,0
-118.837424755301,36.6571020732571,1
-120.02359916956,37.9088069654511,0
-118.279378393985,35.0745395127674,0
-117.741506133558,36.7046710472635,0
-117.589464396502,37.1391725631772,1
-118.073108783713,36.4019741329858,0
-118.773164397925,37.2739027103042,1
-119.072550312678,38.4909166327266,1
-118.371555821267,37.2801101349653,0
-120.287919306807,37.0885173386964,1
-119.966972844231,37.3664955297582,1
-119.049872267929,36.4425501379209,1
-118.044428331285,37.7819158693593,1
-119.446746012442,37.2580554307589,0
-119.724538551223,35.3316423032918,1
-119.545897106808,36.3289044112121,1
-119.022173217932,36.546394820273,0
-118.218644513846,36.302919873001,0
-118.700734031697,36.2955984656179,1
-119.794999788378,38.9672599515801,1
-119.607810281741,37.0265360913791,0
-119.047448914885,38.544266769474,1
-118.159395460086,38.0326298032027,1
-118.651205556582,37.4837785120916,0
-118.975176960471,36.6081396791669,0
-119.193087685954,35.1267422370166,1
-119.882190462134,36.7542517370892,1
-118.718148059389,34.9770147674794,1
-118.399206163647,37.4362633587592,0
-119.885335051339,37.8803393134818,0
-120.100260630835,36.0520350141053,0
-119.964525038598,37.1807203437595,0
-118.679973741759,36.4615301390386,0
-118.338370877207,37.8131795141543,1
-118.876348902179,36.8533089157029,1
-119.900379348952,36.7932962331673,0
-118.134240945081,37.7372535879072,0
-119.50353897383,35.1618806523836,1
-119.353704875111,38.3476904567603,0
-118.74231293563,39.3384304758263,0
-119.835128424711,38.0379616533385,0
-119.079610961501,36.3085033433275,0
-118.098754368223,37.1360042477025,1
-118.712955251053,36.6268769348233,0
-117.688631170384,37.118616791317,0
-117.653264455419,35.5912787177933,0
-119.018878267662,35.8171530308715,0
-118.29960707955,36.0274563611699,0
-119.840329319378,36.6999889365948,0
-119.877615896337,35.4207153660451,1
-118.418266861791,36.9069880878472,1
-118.940239026079,36.2864338826697,1
-117.630469772725,37.3449738155152,1
-119.544577030454,36.2515527964695,0
-118.276437638182,36.872818619998,1
-117.818741796417,36.7815204412584,0
-121.369707653852,37.2168947448977,1
-120.109614972836,36.1486769368933,0
-118.933605336674,36.6379718335544,0
-117.857755916341,36.4805292977944,0
-120.005481854277,37.8798981502865,1
-116.882901796558,36.5520144941393,1
-118.671518921176,38.1684555870053,1
-119.221205657038,36.5071928113713,0
-117.470997604534,37.3637980991661,1
-119.957871246958,35.8807759867247,0
-118.477407065218,36.7144546218443,1
-118.530291906119,37.0398197741302,0
-118.800206296463,38.3585061706001,0
-118.006393702741,38.5002690646692,0
-118.209943162717,37.6730836538801,1
-118.829257155751,35.1582292770329,1
-118.619965842066,38.83998997248,0
-117.610593898625,36.6056893274336,0
-118.976546698222,37.7589785611372,0
-119.298632965315,38.940320918545,1
-119.23749759697,36.2563097379386,0
-118.668797255857,37.3209587381744,0
-119.474296453503,36.098428839304,1
-117.232595999772,36.5245830743782,1
-119.388878627576,37.2973203771446,1
-118.06481049251,36.6155987664166,0
-118.645087688937,37.311263402593,1
-120.2255381862,37.1693934867206,0
-119.82855465079,37.7148659238101,0
-119.86496879676,36.5166735451417,0
-119.853301225623,36.7881065552338,0
-119.67881051835,35.0122186588104,1
-119.153693045838,37.0517559452087,1
-118.155852022851,37.5402359629415,0
-117.280981191182,37.0091860710302,0
-117.916877082661,36.8218265704969,0
-119.343914833008,37.9238043990322,0
-118.270935424847,36.7865958822318,1
-119.285439033144,37.0578920176672,0
-119.899252343234,36.0617146818387,1
-118.344019598466,37.6326203576885,1
-119.161052126439,37.0274535616892,0
-119.102750085656,38.0015071459628,0
-117.466284790202,37.8186064206478,1
-118.580058160716,37.206555920925,0
-119.162780209315,37.544094083382,1
-117.733566961529,38.1163615743837,1
-117.409300026755,36.7943669383464,1
-118.07909488653,35.9696240167938,1
-119.243345565382,36.4303748248995,0
-119.381029004268,37.6844414800524,0
-118.145453981205,36.7232177737468,1
-120.492979644846,36.6469968788454,1
-117.573706353763,37.0214124438182,0
-118.95203196973,36.2252515916385,0
-118.518311295579,36.4836563388672,1
-118.860719139182,36.4285915836491,1
-118.858302157812,36.0123999581341,0
-119.11815295108,36.1337468873132,1
-119.291721906556,36.7164616495949,1
-118.535379657124,37.7725012327363,0
-117.782469553266,36.0555031550122,0
-118.80248212555,35.1590524991112,0
-118.87168089818,36.9191677216234,0
-119.092060557654,38.2278721308367,0
-118.627820441785,38.9044067359343,0
-119.031052564042,38.2241955779151,0
-116.777846588021,35.6709640703816,0
-120.836747663767,36.9713933369607,1
-118.508471489244,34.8624086322028,1
-119.350239019913,35.8932915979407,0
-118.259080214353,37.5745171154902,1
-118.8825744349,35.3747103549188,0
-118.082086118865,37.7929869587461,0
-116.570024555596,39.3587509924971,0
-119.637270642149,38.0148801443362,0
-117.829586837853,36.5251800771717,1
-120.052844814307,37.8264308581169,0
-118.453087592844,37.187762912844,1
-120.957013758317,36.861636385975,1
-119.161915149119,37.0465129936845,1
-120.93663224334,38.162674326392,0
-117.371267198432,37.2388274180343,1
-119.105893456648,38.29495527255,0
-119.26235597954,35.2690846022688,0
-119.960969841355,37.781981597593,1
-118.409087385697,35.7789735843707,1
-116.372512804332,36.1454112392348,0
-118.703681486852,36.830247129327,0
-118.860028753301,35.7369161804603,1
-118.729034483122,35.9250429844137,1
-118.439408883188,39.2366454856405,1
-118.98209060062,37.6792674641772,1
-118.622119835775,35.5404080628398,1
-117.483079281638,37.0687384680671,1
-118.202556128954,36.701050668668,1
-118.250760847697,35.0870975386918,0
-119.110127907066,36.0388504663682,1
-116.246211670772,36.2667615542865,1
-119.136437774869,37.0697577877243,0
-119.310226887883,38.9841911707555,0
-117.299480691455,38.3771275467803,0
-119.827062331543,37.0206676494319,0
-118.587503746781,35.4513886354588,1
-118.151013878549,36.4556412594795,1
-120.09317154168,36.3510451282037,0
-119.06515292754,36.7083353803935,1
-120.247188667592,35.3029233008238,1
-120.806506756479,37.386624682416,1
-119.55709055687,36.0411582662068,0
-117.807646149918,35.2241620280944,1
-116.617520035491,35.9341524991595,1
-120.151242862766,36.699007996863,1
-117.545711934928,37.6969897615836,1
-117.222793163204,36.5650032693124,0
-119.084640981683,35.8892648718084,0
-119.603701999153,37.3924196894074,0
-118.881609394184,38.3853767449791,0
-118.968364037552,37.751280372327,1
-119.385107328168,37.3033470584047,1
-118.451330299951,38.1871889976897,0
-121.664908688698,37.1816873521991,1
-119.23158265174,37.5174594962058,1
-119.114711530005,36.1784665744239,1
-118.621868831713,38.5938009304616,1
-119.213011247599,37.2488537167536,0
-118.591398235391,37.7771163967723,0
-118.511109275059,35.4427719996644,0
-118.379440519977,38.3743321030622,0
-118.197561937903,36.3658951950251,1
-119.690370457469,36.6007907167382,1
-118.145368548327,37.6603520225701,0
-117.197460182331,38.333873402454,0
-119.687629976776,36.7338898890778,1
-118.179182872393,35.9109724812414,1
-118.658306821464,36.687480293669,1
-119.365807154557,35.7011262408252,1
-118.667239995399,37.3229338544749,1
-118.059999640093,37.1031452077727,0
-118.974895267568,35.9719243976451,1
-119.089122393066,36.417203747833,0
-119.303921038669,38.0122745082083,0
-120.11536740539,36.0867505229416,1
-118.935986996949,37.7613996000949,0
-119.373457642246,35.9426308857229,0
-118.51323452557,37.6449342927492,0
-119.461520012124,37.8804790583227,1
-118.543939150451,37.3162572398859,0
-118.550909100554,36.8584282762533,0
-119.580465065756,35.6040168478594,1
-117.240547312463,38.4573269822967,1
-120.203936419964,36.6995993660053,0
-118.567534124868,39.2538136741534,1
-119.74763544309,37.9729072670213,1
-119.875669680005,37.3866592701702,1
-119.737349388987,39.1436505277842,1
-118.123237795832,35.4946621139166,0
-119.311843126032,36.1772479888786,0
-120.640620531109,37.8884978838701,0
-119.84233299867,35.6419728877709,1
-118.411786106148,36.0537632205932,1
-118.395161027869,36.0185998579353,1
-119.757194822672,36.6428645641946,1
-119.054451732447,37.4822061785341,1
-120.461942332948,36.0114820845399,1
-115.859782998577,36.4273251180615,1
-119.309282377228,36.6786625517179,1
-117.530367203789,37.4153972054916,0
-118.392297283164,39.7184094875216,0
-118.768300531956,37.4467945238111,1
-119.709798736783,36.9201738680032,0
-118.6173625181,37.0404171367159,1
-119.548976539953,36.4451983667724,0
-120.041279283086,37.1920383704936,0
-118.873614739474,37.5323333803791,1
-120.270186652385,38.1480618488396,0
-118.180856013522,38.3332821506167,0
-116.721332969652,35.9822223487303,0
-119.91330542163,35.6902089941608,0
-119.57984301674,37.0014172205227,0
-117.916849967128,37.1870196690954,1
-118.182404558127,37.7151350468027,1
-119.014475401632,39.6557042512781,1
-119.344645404629,37.6192233124426,0
-120.248646361076,35.911798039356,1
-117.725667392856,38.3994248747464,0
-117.803760956342,36.4187283288929,0
-120.171306569883,37.5074653092941,1
-117.894669453712,34.8242505356785,1
-117.570551571435,38.0793297428695,1
-118.763295136161,39.6521260486695,1
-119.564485784333,37.6252806915548,0
-119.425067742455,37.2349427286218,0
-119.800151501467,35.8363058122379,0
-118.618987362512,35.5313921973991,0
-116.274406570693,37.6924739027722,0
-119.214691824689,36.6685030036951,1
-118.415410725594,36.813019238628,0
-118.219091381474,36.513098163178,1
-120.234103737894,37.7206372554295,0
-118.866482958873,35.4827105700845,0
-120.038923420875,37.5438486273132,1
-119.398273395738,36.1906496602225,1
-118.986646813938,37.7959651348023,1
-120.299340016637,36.9156027475772,1
-118.945446972751,38.3377917585031,1
-119.511085619363,37.691051643146,1
-120.766383046882,35.7029347863425,1
-118.833898137838,36.5681293593631,1
-119.507211088562,36.8200647628793,0
-119.591572529469,37.1252139866306,0
-118.852022476803,35.0669871035332,1
-118.463200023625,37.2209545139565,0
-118.869963210225,36.334030649425,0
-120.911267721444,36.6481226578855,1
-118.482207978474,36.914854183653,0
-120.457609628303,37.4870590916282,0
-118.396273699539,37.2063723764367,1
-117.56797725207,38.0846616203802,0
-120.366027303366,36.2665821981624,0
-118.968976544522,36.4516451329657,0
-117.024608673153,37.4589537251747,0
-119.136840240091,39.0661718252075,0
-117.214195487008,36.1597341717388,0
-118.771301786805,37.1661921377264,1
-117.656748323783,37.1094135923979,1
-120.883044341768,37.4189196376022,0
-120.22640483812,37.9917686292856,0
-120.165719211707,36.8700320008823,1
-120.104528202975,34.085588350677,1
-117.873078758282,39.45154704146,0
-120.206558391884,37.0856291430687,0
-120.273069560608,37.8435698437128,0
-119.093927962496,36.2561382265187,1
-118.955118029359,37.1865265987215,0
-119.898324390665,36.9242269559581,0
-118.5683215559,38.2378228765154,0
-119.497536539274,36.3361243407287,0
-119.103232352231,36.9615963449842,0
-118.823756093135,37.0187817075648,0
-118.911292666123,35.9585403238475,1
-117.497630067231,36.3085572314865,1
-120.150392924123,38.6641516890371,0
-118.05969940993,37.2615921940376,1
-118.988951837313,36.5075694454659,1
-119.760073766991,36.1718499184155,1
-119.587536614379,37.6355420297199,0
-119.474810452744,36.9051239394588,1
-118.584616966892,39.2647316036617,0
-118.677752268213,37.8529465159039,0
-118.050985636952,37.3533157406403,0
-118.476596183848,37.7345886906271,0
-119.89320652802,36.4276261838064,1
-119.308488004768,36.4595112184917,0
-117.727378106906,36.9343351588592,1
-118.653030158075,36.5194420977661,0
-119.872543674689,38.4224721399632,1
-118.548045358216,36.7928615054839,0
-119.820616584277,35.9444778916376,0
-117.643165731074,37.7553205707979,0
-119.403614326603,38.4899663712639,0
-117.730517787188,36.5955993806721,1
-119.086706768452,37.9659020176181,0
-119.093174075916,37.8398278562533,0
-117.984945311554,36.5438906792196,1
-119.846001675298,38.9091716880764,0
-120.451956934825,37.3521052022178,1
-119.68049696133,38.2741499402374,1
-118.065689648136,36.6692375991999,1
-119.841182949823,35.5603893761198,1
-119.057946731118,36.4982844984054,0
-117.389218863804,37.9137853514339,0
-119.969671337954,38.4870681231851,1
-119.569415547423,38.9416391673741,1
-117.421020745561,36.9300185160956,0
-117.991531287889,37.5281208656904,1
-118.293814050526,36.8364558348845,0
-118.825223941929,36.4650938842432,0
-117.959318507606,35.4662097208494,1
-119.30093737804,37.0393547841018,1
-119.936293243004,36.0199406964557,0
-118.4620262447,37.451647260229,1
-119.476891662806,35.5498196432275,1
-120.040220302747,38.0129697241041,1
-116.361076412417,36.9374063638872,1
-118.776732245573,37.2123554418016,1
-119.510249643286,37.4137166588772,1
-119.13675330024,36.9136429702517,1
-119.383682401095,36.9804553490826,0
-118.229559526706,37.9563804706896,0
-119.818473944123,37.0759584647719,1
-119.681040393072,35.9205598546883,0
-119.851023339332,38.051717029173,0
-119.345733898648,37.100726788458,1
-120.531403988193,37.7880057553926,1
-118.115101151483,34.4177659078547,0
-118.481429933241,36.2109719872969,0
-119.274430585864,35.1732174197037,0
-119.048906060322,38.6035538916546,1
-119.678368951463,37.4242238782776,1
-120.035879329409,37.2991870236907,0
-118.688481222977,37.2214144710427,0
-119.621462928416,35.8578653023769,0
-117.588871447411,36.9680629733614,1
-117.734429332188,36.5603604669976,0
-119.795062263519,37.1904014774976,0
-119.233278788433,37.4020676864405,0
-119.278636184951,38.3005130478064,0
-117.695159634935,36.4323980028357,1
-116.996540237167,38.5285522375007,0
-120.288151868778,36.4627036954547,0
-119.096209620399,37.5124962015276,1
-120.124566724414,36.555456691578,1
-118.771771310462,35.7351000202268,1
-120.005407178062,35.6549656945937,1
-117.232778419808,37.6118644211521,0
-119.187440201991,38.1363247591693,0
-119.478297979721,36.9419913732341,0
-118.310080962925,37.7048261927406,1
-117.424431230135,36.4185887788468,0
-119.157165964687,37.7714913182832,1
-117.783677441655,37.8635675223589,0
-117.634935105418,36.7297806904076,1
-117.771928730923,36.2862262970079,0
-117.288170444734,37.6758046325116,0
-118.439815410545,36.3845312805202,0
-117.424343003076,35.151943335609,0
-116.131678705312,36.2762584346386,0
-117.090610527915,38.2216299393035,0
-118.681783128965,38.240366739053,0
-119.368646973617,37.7208487249716,0
-118.331949404422,36.2291623070705,1
-117.656802216199,37.9231812356267,1
-116.755643243165,37.0459303584888,0
-119.436562170483,37.1975472639525,0
-119.4731882193,36.6151905113194,1
-118.068550527051,35.8326611875476,1
-119.89352836662,37.0939488418539,0
-120.357634612457,37.2760608945501,0
-118.252588215231,37.5322500445627,0
-118.442459753464,37.4048642526488,0
-119.583496619423,35.7426445572013,0
-118.291824104944,37.7735372736536,0
-117.849203957448,36.9489794071676,0
-118.912187421965,37.0042778133119,0
-118.127158612439,38.5933326041336,0
-118.136298673747,36.3390746683667,1
-119.039954207525,36.1923080076231,0
-118.861745071193,37.4395964527294,0
-118.136901706013,36.9586616650459,0
-119.713633464674,37.0787806340318,0
-119.149665755104,36.9273222891534,1
-117.628708531557,36.7386180232324,0
-117.994589145081,36.7148982000036,0
-118.644475856731,36.5893795303566,0
-118.375379264468,36.6887772771591,0
-118.092038736946,38.6384407478328,0
-119.466863338779,37.5459818876384,1
-118.754423779338,34.993811984207,1
-118.955020876948,38.9218969630418,0
-118.104196800433,37.2382232104131,1
-119.607308546595,37.0530728967463,0
-119.44501107246,36.1316513324758,0
-119.671532391773,38.1694338105775,0
-119.046887913049,37.1264846410845,0
-118.474575449116,36.4323135965676,0
-119.963844485023,37.4904871621601,0
-119.700046139945,36.7070340833805,0
-118.245289283011,37.4393595598373,1
-117.274383595857,37.0558872113196,0
-119.911139103063,37.6864673337424,1
-118.806425799152,36.9854565899413,1
-118.133734994846,36.9047609934189,0
-118.505671435456,37.7829400046394,1
-118.79691872819,37.0453298409566,0
-119.331098342474,37.583183996403,1
-118.877871252498,38.0468580376025,0
-119.446739070143,37.4498610287939,0
-116.947495419201,37.1745347645848,0
-118.934344161457,37.9018252332295,1
-119.177289654015,37.986812801548,0
-118.316640904194,37.4293080688616,1
-120.503173420049,36.8208768570576,0
-118.99424663926,37.3793768104744,0
-120.558035941981,37.8315507868983,1
-119.168493376844,38.0655397662134,0
-118.85421196151,37.3428299922422,1
-120.701848899808,37.4459870244665,0
-119.214388920317,36.844764615979,1
-118.797434518131,36.1928981615161,1
-118.154175380132,36.3655914101324,0
-119.829638353764,35.7731794905197,1
-118.482707247505,37.3125424249083,1
-119.075746112063,36.0899832667213,0
-118.521430350783,34.647122984156,0
-118.769555476868,35.7953113412962,0
-118.717951846043,36.7643806271567,1
-119.435126514066,38.0333466385549,0
-118.516400285572,37.4323727944684,0
-118.397725481779,37.7725213209151,1
-117.497804384695,38.6427651211085,0
-119.233307076506,35.0595379221718,0
-118.120133964213,35.3209926984644,0
-117.778643707405,35.8086816787101,1
-118.558998978251,37.8695263460283,1
-120.275207672045,37.2847709763427,0
-119.789612500683,37.5469467397887,0
-121.08382986053,37.5007472401057,1
-119.277531163236,35.5959261422851,0
-118.044742062327,35.904232925898,0
-120.292368678515,35.4274934467916,0
-118.321701331193,37.4206088935645,0
-119.593953209721,37.2504352647034,0
-117.26098429293,35.6048008408232,1
-117.450644955905,37.1629128833276,0
-120.479555084789,36.0229561283847,0
-121.104629224417,37.9057928011006,1
-121.5866963543,37.7204219346988,0
-118.443892470684,34.7346129889847,0
-119.791722132274,36.9149471224263,1
-119.807833056476,37.0957020197971,1
-118.762203248632,35.7804259341776,1
-118.543749687162,38.5970821292265,0
-120.460122574187,37.8716903837265,1
-116.750807654517,38.2721129737974,1
-119.027485601021,38.0235125971745,0
-118.844306353104,37.1143749415719,1
-118.431830019936,36.9838340603852,0
-117.413298711909,36.0213304887507,1
-119.878314184179,37.2818040225618,0
-117.845621124505,37.1183305800247,0
-118.051275042123,38.0306531363295,0
-119.745018419344,35.6612917596947,1
-119.769909456452,36.8275390983061,1
-119.300987948536,39.5348006078792,1
-117.321161389879,36.2576242919561,1
-118.269752261868,37.9444114964121,1
-118.890254970883,37.9005098110979,0
-117.147933802054,36.6296886825768,0
-117.204719989004,37.7420880351883,1
-117.849806765967,36.342891356995,0
-119.911590193202,36.3796938542381,0
-119.216135655674,35.6676110802516,0
-119.799540206533,37.225925708963,0
-118.324422151813,39.0337964706995,1
-119.490263887927,37.0082083731869,0
-117.791591801935,36.7054802409929,0
-119.149389647598,36.9985277972066,1
-116.791716492654,34.6909139669806,1
-117.703842346051,36.9875277879202,0
-118.951252544307,36.4932364632684,1
-118.929888166252,37.5932727911514,0
-118.965534112184,37.5923531827913,1
-119.048290773244,39.4175869163987,1
-117.883574943811,38.041045932437,1
-119.77525093933,37.8142991266948,1
-118.96312668651,37.4509628681382,0
-118.395196442268,36.1766059831895,1
-118.075398112287,37.685786147388,1
-119.841312146007,36.9715466265354,1
-117.933586750662,37.539729427738,1
-118.822528049235,37.0852933879397,1
-119.12744981458,35.8284094180246,1
-117.863865479594,37.5052015150026,1
-119.926104821946,36.2259495106637,1
-119.087489024853,35.9270643861638,0
-119.821475812941,36.3912123291352,1
-119.216045370706,36.3059924053372,1
-119.942783097781,38.2721563016835,0
-119.756275659886,37.2143576594091,1
-120.632551596478,36.4398228049496,0
-119.370775313111,37.3691663941851,0
-119.205768552628,36.7034305215143,0
-120.259924376217,36.0552251491362,1
-118.273361340773,36.3133327041652,0
-119.093505357086,35.8128031174489,1
-118.489599901435,37.9407859828132,0
-118.89958412652,39.7145402352936,1
-119.472757260021,37.060130008692,1
-118.170509659975,37.0022403989987,0
-118.813102062752,37.9952187582904,0
-117.985900058724,36.617861407251,0
-119.514398829432,37.0934950928905,0
-118.515092639578,37.3937255987223,0
-117.456770943438,36.613205508349,1
-119.784600996372,37.6126009418062,0
-118.731279196174,36.2123747458544,1
-119.585480521684,37.7497019848112,0
-118.516648502382,38.7558239319182,1
-119.948342678095,36.1445040405048,1
-118.764051538107,38.0176073076026,0
-116.27846161836,36.8222765126605,0
-117.654319513669,36.2572112823372,0
-119.435501372338,35.5022140765505,0
-119.654237448714,37.269367575437,1
-120.310773420055,37.3951217231596,0
-119.099395956836,36.1756248352551,0
-117.948134240283,36.5509080081395,0
-118.567842873805,37.1069175350671,0
-119.839987583296,37.2362170813094,1
-118.837938598318,38.4777167155136,1
-117.63827884424,37.6041190057455,0
-120.081511406222,37.8693645927734,1
-119.092323639579,35.8440666379925,1
-119.555855617676,35.8804197261763,0
-119.985185947211,35.8626044780117,1
-117.612562524768,37.9870362767819,0
-118.152483517324,36.6554135964159,1
-119.608079235697,39.5284330134749,0
-118.425123875186,36.2333823674054,0
-118.335032382819,35.8964199684477,0
-117.436098537243,36.8990196662664,0
-117.109707271617,37.6983772226255,1
-119.126172307786,36.7815850986024,0
-119.041768269542,37.7926169042961,1
-118.027226160107,36.7970297470661,0
-119.913427883843,37.2483698483341,1
-118.160196222743,36.9341154552644,0
-117.719247747077,38.0987965685324,1
-120.264840064503,35.4475375508502,1
-118.571626789498,38.5926078352276,1
-119.456543633181,37.9688268855276,1
-119.275538254066,37.6487820883189,0
-119.868713160651,37.6122831243006,1
-118.967796998704,36.7947127906096,1
-119.518435835462,37.5315019485999,0
-119.226286181966,35.6332894192269,0
-119.206867390833,36.4463441029532,1
-118.924399626426,35.6044512738919,1
-118.480397532012,36.8312843428675,1
-118.141979730568,36.6316128238081,0
-119.395677885897,38.5630638001134,1
-119.921047385802,37.4638389722424,0
-119.566100935714,37.5378710860606,0
-119.88927662608,37.1478599646611,0
-119.077509266874,35.8542281343394,0
-118.822829341868,39.100370287875,0
-118.109584952453,38.7967437842008,0
-118.591353931608,34.5156150714558,1
-118.789456329857,37.6738270326325,1
-120.513306375182,37.0218976141878,0
-117.851402360517,35.2734940482961,1
-118.230044654232,38.5167507347447,1
-120.086782564669,37.4700088608535,1
-118.603298059361,37.6150589694092,1
-118.490091786302,38.0954844547689,0
-119.547949131875,38.0865091787463,1
-119.57231291331,37.8831740710493,1
-118.483820916359,36.0616109626967,1
-116.986687738224,37.7299476961854,0
-120.216561616716,37.156906030248,1
-120.086538160221,35.2922574063494,1
-118.17825808895,36.3012115393175,1
-119.441187751164,36.0867481566843,1
-118.3039282409,36.8835138372882,1
-116.673836959372,37.6148798922323,1
-118.41105993748,37.5052690395134,0
-119.75116269052,36.8973683081846,0
-117.250253749155,37.539696130797,0
-119.655429947957,38.0011167416035,1
-120.942976780864,36.4814953421281,0
-118.690345256662,34.6842710322868,0
-118.463069982593,35.4149538805069,1
-118.593639682187,35.0508298094072,0
-117.33112252884,36.6924357841151,1
-119.504189275764,38.213846290124,0
-118.117286875184,36.6561987653462,1
-119.607332344541,38.3758468783756,0
-119.157092463394,37.401117495483,0
-119.458722554624,36.204873772342,0
-115.815806963857,36.0047540658763,0
-118.31292721097,37.7932352628449,1
-118.780261309568,36.7831268869216,0
-117.666044811649,38.6299763997183,0
-120.243294002577,37.4092286900719,0
-118.452803017447,37.4277173070656,0
-120.374014908687,39.661245237746,0
-118.88812396946,37.4705696427339,0
-119.557644777392,37.3181074428095,0
-119.319658511196,36.0162821220414,0
-118.404773599211,36.767028012702,0
-120.943238112508,37.5897329848135,1
-117.81275156016,36.6403762289811,0
-121.009340998275,37.4594404447992,1
-120.178112591916,36.4968276599747,1
-119.173752071167,39.2717587074043,1
-118.828383285971,35.4592551192451,1
-119.137604871393,37.0341221335884,1
-120.221144122695,37.9314256153517,1
-118.489840915168,36.1685214023859,1
-117.709665850761,37.2507529914508,1
-118.394184510421,36.3667625259014,0
-118.461423650486,38.2551779619257,1
-119.340093772989,37.7721420553234,1
-119.74644430911,38.7405939357752,1
-117.544909281186,35.1158557778646,1
-118.746450305761,37.0703805568557,0
-118.301863632064,37.3445683681137,0
-119.868154906837,36.6597105967629,1
-116.850346189247,36.3867009338443,1
-118.873403354882,37.0073563075666,0
-117.678034197039,37.3474429178637,1
-120.200717640957,36.9186537057354,1
-119.214641226965,37.5012681106402,0
-119.223174352839,37.4304299059216,1
-119.266710478513,37.5457070642822,1
-118.217735518905,36.8448871508205,1
-119.811228707805,37.3376010038063,0
-119.117791578191,37.7633628360128,1
-117.875759809278,38.0716332332507,0
-118.720319077752,36.0905850251924,0
-118.708623255049,38.2476042924803,0
-120.311380928646,37.8979704709822,0
-118.869255378772,37.3635938111242,1
-117.091056172541,37.153257769931,0
-118.441795189743,36.4747264551209,1
-117.770989658976,37.6998826233272,1
-119.680442814648,35.918825201817,0
-117.80675334279,37.6620786361445,1
-119.231034950568,35.9670523153256,0
-118.348339893894,36.97983009597,0
-117.924997559565,37.8084163703143,0
-118.529523365276,35.9184215250156,0
-117.955386487143,35.3643925199298,0
-120.674479105299,36.4111472819895,1
-119.174991117317,36.8134814128412,0
-117.415800710116,37.8410643932629,0
-119.158155676394,36.9288800858434,0
-119.77117504943,36.6368007463523,1
-119.73881574042,37.304337159184,1
-118.66441401633,36.7901335650164,0
-115.991566739533,36.9377703785997,0
-117.792203953751,36.6334178622734,0
-119.995536046758,37.4618615174724,0
-117.564027603384,38.3044832174535,1
-118.36523883908,38.3219231860632,0
-118.091117331382,35.6553380007074,0
-118.209309108418,36.3796875798455,0
-120.68902739307,37.2959911223135,0
-116.865800381303,36.3839342168925,1
-119.075917761864,38.0679596301505,1
-118.671008702536,36.6003025736112,0
-119.10204573491,37.1352248834761,0
-117.901448463673,37.6378422082999,1
-120.201743609384,36.8505948224571,1
-117.208637544907,36.0792819817067,1
-119.165527854557,37.1432190651414,0
-118.596065928208,37.9558329798073,0
-118.270278059935,38.1585102061722,0
-118.606347092205,39.4930820121949,1
-119.325820787111,38.7204698878016,0
-118.071321918366,37.5554453742253,1
-117.672333606511,38.4338271616357,0
-118.624122697015,38.0632466897563,0
-118.303582373673,37.9656355745763,0
-117.947050436563,37.5646215515264,1
-118.329120432919,36.7569726228295,0
-118.767644827796,38.2288638182243,0
-117.866627684238,38.5079859176438,1
-116.870546137161,35.1767944485052,1
-118.300212012002,36.955046379881,0
-119.133232871799,37.3595200656202,1
-119.65101736293,37.7451851329437,1
-118.082547173119,39.136771068616,0
-118.314894342446,36.3380897893705,0
-119.86590504808,36.2325187338982,0
-117.735079775877,36.5795511175684,0
-117.779166528518,34.9262262783185,0
-119.529722088656,35.6263540189286,1
-119.895427801466,36.1462203255749,1
-118.631887094671,36.1892783040924,1
-116.945928057269,36.6024017440367,1
-118.016769936734,37.5031011855245,1
-119.278826156139,36.1470151608283,0
-119.248816385251,38.0689366466618,0
-120.522641045204,37.7694855063692,1
-119.090149938472,35.8895250196175,1
-118.05947152042,37.343652435989,0
-118.426192918485,37.9717043560083,1
-115.587632088359,37.9693907072497,1
-118.41359168538,38.5893563381465,0
-118.15107234635,37.2864699954274,1
-117.526185426277,34.431545698286,1
-117.726679571026,37.4339270994255,1
-119.002038351973,36.8600761036508,1
-118.528419469193,35.8675219376058,0
-118.305929252317,38.1688522537233,1
-118.870988934182,37.765037704628,0
-118.096925976214,37.0709916429534,1
-118.3114461015,36.5693618573609,0
-118.184079259639,33.7051213638933,1
-120.223285951477,37.2405971294829,1
-119.023990498322,35.8605038584565,0
-118.972214160352,38.0356706606163,1
-117.66270374561,35.7911079515326,0
-118.113678706841,36.8836726066509,1
-117.461511040527,37.0715126892726,1
-120.279184954185,36.8188210929835,0
-117.969525204624,36.6923248094401,0
-117.415065735569,37.0162933876469,0
-118.245761430085,36.5996942770693,0
-118.786784705084,37.9588585146259,0
-118.694862907125,36.3462616473991,0
-118.591471229758,36.3684036173665,1
-119.019825804385,36.2432074086763,1
-117.139570947143,40.3776616860568,0
-121.608601129838,38.1058027014692,0
-120.00758650688,36.7675915567773,1
-117.728391001732,35.9902314665796,1
-117.459896406274,34.7505258379768,0
-120.52461742463,37.7920015532608,1
-118.468323772978,34.7610706063536,0
-118.977708586995,38.0066738892227,0
-119.419003263689,36.7377763852502,0
-118.379193804239,36.4190597697148,1
-117.771280113189,36.5019684856855,0
-117.665386885978,36.3865473974896,1
-119.140665979182,36.9365693689744,0
-120.267034487431,37.244782786416,0
-120.000528451817,36.7210703970519,1
-117.848324214853,37.2356825136656,0
-119.992893143664,37.7164586259468,1
-119.541699652813,37.3187425328444,0
-119.117110612454,37.2736623483841,0
-118.025060937687,37.0802830753567,0
-118.727701692389,37.4663207763468,0
-118.081987594557,37.9094558761542,0
-119.769938913458,36.0689176748151,1
